Rank,Release Group,Worldwide,Domestic,%,Foreign,%
1,Captain America: Civil War,"$1,153,296,293","$408,084,349",35.4%,"$745,211,944",64.6%
2,Rogue One: A Star Wars Story,"$1,056,057,273","$532,177,324",50.4%,"$523,879,949",49.6%
3,Finding Dory,"$1,028,570,889","$486,295,561",47.3%,"$542,275,328",52.7%
4,Zootopia,"$1,023,784,195","$341,268,248",33.3%,"$682,515,947",66.7%
5,The Jungle Book,"$966,550,600","$364,001,123",37.7%,"$602,549,477",62.3%
6,The Secret Life of Pets,"$875,457,937","$368,384,330",42.1%,"$507,073,607",57.9%
7,Batman v Superman: Dawn of Justice,"$873,634,919","$330,360,194",37.8%,"$543,274,725",62.2%
8,Fantastic Beasts and Where to Find Them,"$814,037,575","$234,037,575",28.8%,"$580,000,000",71.2%
9,Deadpool,"$782,612,155","$363,070,709",46.4%,"$419,541,446",53.6%
10,Suicide Squad,"$746,846,894","$325,100,054",43.5%,"$421,746,840",56.5%
11,Doctor Strange,"$677,718,395","$232,641,920",34.3%,"$445,076,475",65.7%
12,Moana,"$643,331,111","$248,757,044",38.7%,"$394,574,067",61.3%
13,Sing,"$634,151,679","$270,395,425",42.6%,"$363,756,254",57.4%
14,The Mermaid,"$553,810,228","$3,232,685",0.6%,"$550,577,543",99.4%
15,X-Men: Apocalypse,"$543,934,105","$155,442,489",28.6%,"$388,491,616",71.4%
16,The Meg,"$530,243,742","$145,443,742",27.4%,"$384,800,000",72.6%
17,Kung Fu Panda 3,"$521,170,825","$143,528,619",27.5%,"$377,642,206",72.5%
18,La La Land,"$446,486,224","$151,101,803",33.8%,"$295,384,421",66.2%
19,Warcraft,"$439,048,914","$47,365,290",10.8%,"$391,683,624",89.2%
20,Jason Bourne,"$415,484,914","$162,434,410",39.1%,"$253,050,504",60.9%
21,Ice Age: Collision Course,"$408,579,038","$64,063,008",15.7%,"$344,516,030",84.3%
22,Independence Day: Resurgence,"$389,681,935","$103,144,286",26.5%,"$286,537,649",73.5%
23,Your Name.,"$357,986,087","$5,017,246",1.4%,"$352,968,841",98.6%
24,The Legend of Tarzan,"$356,700,357","$126,643,061",35.5%,"$230,057,296",64.5%
25,The Angry Birds Movie,"$352,333,929","$107,509,366",30.5%,"$244,824,563",69.5%
26,Trolls,"$346,864,462","$153,707,064",44.3%,"$193,157,398",55.7%
27,Star Trek Beyond,"$343,471,816","$158,848,340",46.2%,"$184,623,476",53.8%
28,The Great Wall,"$334,933,831","$45,540,830",13.6%,"$289,393,001",86.4%
29,Now You See Me 2,"$334,897,606","$65,075,540",19.4%,"$269,822,066",80.6%
30,The Conjuring 2,"$320,392,818","$102,470,008",32%,"$217,922,810",68%
31,Resident Evil: The Final Chapter,"$312,242,626","$26,830,068",8.6%,"$285,412,558",91.4%
32,Dangal,"$303,723,636","$12,391,761",4.1%,"$291,331,875",95.9%
33,Passengers,"$303,144,152","$100,014,699",33%,"$203,129,453",67%
34,Alice Through the Looking Glass,"$299,457,024","$77,041,381",25.7%,"$222,415,643",74.3%
35,Miss Peregrine's Home for Peculiar Children,"$296,482,446","$87,242,834",29.4%,"$209,239,612",70.6%
36,Teenage Mutant Ninja Turtles: Out of the Shadows,"$245,623,848","$82,051,601",33.4%,"$163,572,247",66.6%
37,Sully,"$240,797,623","$125,070,033",51.9%,"$115,727,590",48.1%
38,Assassin's Creed,"$240,697,856","$54,647,948",22.7%,"$186,049,908",77.3%
39,Hidden Figures,"$235,956,898","$169,607,287",71.9%,"$66,349,611",28.1%
40,Ghostbusters,"$229,147,509","$128,350,574",56%,"$100,796,935",44%
41,Inferno,"$220,021,259","$34,343,574",15.6%,"$185,677,685",84.4%
42,Central Intelligence,"$216,972,543","$127,440,871",58.7%,"$89,531,672",41.3%
43,Bridget Jones's Baby,"$211,952,420","$24,252,420",11.4%,"$187,700,000",88.6%
44,Me Before You,"$208,314,186","$56,245,075",27%,"$152,069,111",73%
45,London Has Fallen,"$205,754,447","$62,524,260",30.4%,"$143,230,187",69.6%
46,Arrival,"$203,388,186","$100,546,139",49.4%,"$102,842,047",50.6%
47,The BFG,"$195,243,411","$55,483,770",28.4%,"$139,759,641",71.6%
48,The Monkey King 2,"$193,678,298","$709,982",0.4%,"$192,968,316",99.6%
49,Bad Moms,"$183,936,074","$113,257,297",61.6%,"$70,678,777",38.4%
50,Storks,"$183,388,953","$72,679,278",39.6%,"$110,709,675",60.4%
51,Hacksaw Ridge,"$180,450,918","$67,209,615",37.2%,"$113,241,303",62.8%
52,Allegiant,"$179,246,868","$66,184,051",36.9%,"$113,062,817",63.1%
53,Operation Mekong,"$173,839,072","$800,012",0.5%,"$173,039,060",99.5%
54,The Girl on the Train,"$173,185,859","$75,395,035",43.5%,"$97,790,824",56.5%
55,The Huntsman: Winter's War,"$164,989,338","$48,390,190",29.3%,"$116,599,148",70.7%
56,The Magnificent Seven,"$162,360,636","$93,432,655",57.5%,"$68,927,981",42.5%
57,Jack Reacher: Never Go Back,"$162,146,076","$58,697,076",36.2%,"$103,449,000",63.8%
58,Don't Breathe,"$157,830,487","$89,217,875",56.5%,"$68,612,612",43.5%
59,The Accountant,"$155,160,045","$86,260,045",55.6%,"$68,900,000",44.4%
60,Lights Out,"$148,868,835","$67,268,835",45.2%,"$81,600,000",54.8%
61,Pete's Dragon,"$143,695,338","$76,233,151",53.1%,"$67,462,187",46.9%
62,Sausage Party,"$140,705,322","$97,685,686",69.4%,"$43,019,636",30.6%
63,Lion,"$140,312,928","$51,738,905",36.9%,"$88,574,023",63.1%
64,Mechanic: Resurrection,"$125,729,635","$21,218,403",16.9%,"$104,511,232",83.1%
65,Deepwater Horizon,"$121,790,373","$61,433,527",50.4%,"$60,356,846",49.6%
66,Allied,"$119,520,023","$40,098,064",33.5%,"$79,421,959",66.5%
67,I Belonged to You,"$119,107,580","$744,541",0.6%,"$118,363,039",99.4%
68,The Shallows,"$119,100,758","$55,124,043",46.3%,"$63,976,715",53.7%
69,The Purge: Election Year,"$118,587,880","$79,213,375",66.8%,"$39,374,505",33.2%
70,Why Him?,"$118,102,725","$60,323,786",51.1%,"$57,778,939",48.9%
71,Finding Mr Right 2,"$114,679,097",-,-,"$114,679,097",100%
72,Office Christmas Party,"$114,501,299","$54,767,494",47.8%,"$59,733,805",52.2%
73,How to Be Single,"$112,343,513","$46,843,513",41.7%,"$65,500,000",58.3%
74,10 Cloverfield Lane,"$110,216,998","$72,082,998",65.4%,"$38,134,000",34.6%
75,Neighbors 2: Sorority Rising,"$108,007,109","$55,455,765",51.3%,"$52,551,344",48.7%
76,Cold War II,"$103,197,501","$560,824",0.5%,"$102,636,677",99.5%
77,Railroad Tigers,"$102,205,175","$218,044",0.2%,"$101,987,131",99.8%
78,Some Like It Hot,"$95,721,320","$100,026",0.1%,"$95,621,294",99.9%
79,Dirty Grandpa,"$94,073,028","$35,593,113",37.8%,"$58,479,915",62.2%
80,Ben-Hur,"$94,061,311","$26,410,477",28.1%,"$67,650,834",71.9%
81,Money Monster,"$93,282,604","$41,012,075",44%,"$52,270,529",56%
82,Train to Busan,"$92,742,323","$2,129,768",2.3%,"$90,612,555",97.7%
83,My Big Fat Greek Wedding 2,"$90,632,641","$59,689,605",65.9%,"$30,943,036",34.1%
84,Collateral Beauty,"$88,528,280","$31,016,021",35%,"$57,512,259",65%
85,Sultan,"$87,280,000","$6,200,000",7.1%,"$81,080,000",92.9%
86,War Dogs,"$86,234,523","$43,034,523",49.9%,"$43,200,000",50.1%
87,Nerve,"$85,251,425","$38,583,626",45.3%,"$46,667,799",54.7%
88,Leap!,"$84,197,417","$2,844,490",3.4%,"$81,352,927",96.6%
89,Ouija: Origin of Evil,"$81,705,746","$35,144,505",43%,"$46,561,241",57%
90,Underworld: Blood Wars,"$81,093,313","$30,353,973",37.4%,"$50,739,340",62.6%
91,Manchester by the Sea,"$78,988,148","$47,695,371",60.4%,"$31,292,777",39.6%
92,The Boss,"$78,844,582","$63,285,885",80.3%,"$15,558,697",19.7%
93,Shin Godzilla,"$77,947,607","$1,918,403",2.5%,"$76,029,204",97.5%
94,Mike and Dave Need Wedding Dates,"$77,068,246","$46,009,673",59.7%,"$31,058,573",40.3%
95,Kubo and the Two Strings,"$76,249,438","$48,023,088",63%,"$28,226,350",37%
96,Tyler Perry's Boo! A Madea Halloween,"$74,827,344","$73,206,343",97.8%,"$1,621,001",2.2%
97,Miracles from Heaven,"$73,983,003","$61,705,123",83.4%,"$12,277,880",16.6%
98,I Am Not Madame Bovary,"$70,826,207","$436,798",0.6%,"$70,389,409",99.4%
99,One Piece Film: Gold,"$66,207,073","$423,593",0.6%,"$65,783,480",99.4%
100,Moonlight,"$65,336,603","$27,854,932",42.6%,"$37,481,671",57.4%
101,Monster Trucks,"$64,493,915","$33,370,166",51.7%,"$31,123,749",48.3%
102,Fences,"$64,414,761","$57,682,904",89.5%,"$6,731,857",10.5%
103,"Hail, Caesar!","$63,647,656","$30,498,085",47.9%,"$33,149,571",52.1%
104,The Nice Guys,"$62,788,218","$36,261,763",57.8%,"$26,526,455",42.2%
105,Huo guo ying xiong,"$58,106,427","$779,818",1.3%,"$57,326,609",98.7%
106,L.O.R.D: Legend of Ravaging Dynasties,"$58,089,494","$350,456",0.6%,"$57,739,038",99.4%
107,Nine Lives,"$57,814,445","$19,700,032",34.1%,"$38,114,413",65.9%
108,Zoolander 2,"$56,722,693","$28,848,693",50.9%,"$27,874,000",49.1%
109,Barbershop: The Next Cut,"$55,030,051","$54,030,051",98.2%,"$1,000,000",1.8%
110,The Age of Shadows,"$54,491,162","$541,719",1%,"$53,949,443",99%
111,Teo-neol,"$52,444,295","$568,876",1.1%,"$51,875,419",98.9%
112,Patriots Day,"$52,185,751","$31,886,361",61.1%,"$20,299,390",38.9%
113,The Finest Hours,"$52,099,090","$27,569,558",52.9%,"$24,529,532",47.1%
114,Master,"$51,636,415","$597,251",1.2%,"$51,039,164",98.8%
115,The Wailing,"$49,851,770","$786,633",1.6%,"$49,065,137",98.4%
116,So Young 2: Never Gone,"$48,980,792","$96,421",0.2%,"$48,884,371",99.8%
117,Luck-Key,"$48,913,975","$466,505",1%,"$48,447,470",99%
118,Florence Foster Jenkins,"$48,902,953","$27,383,770",56%,"$21,519,183",44%
119,Mother's Day,"$48,782,670","$32,492,859",66.6%,"$16,289,811",33.4%
120,"Yo-kai Watch Movie: It's the Secret of Birth, Meow! 2016 Re-release","$47,899,805","$257,343",0.5%,"$47,642,462",99.5%
121,A Monster Calls,"$47,309,313","$3,740,823",7.9%,"$43,568,490",92.1%
122,Risen,"$46,432,579","$36,880,033",79.4%,"$9,552,546",20.6%
123,Eddie the Eagle,"$46,152,800","$15,789,389",34.2%,"$30,363,411",65.8%
124,Blair Witch,"$45,173,154","$20,777,061",46%,"$24,396,093",54%
125,Café Society,"$43,763,247","$11,103,205",25.4%,"$32,660,042",74.6%
126,League of Gods,"$43,498,766","$181,633",0.4%,"$43,317,133",99.6%
127,Almost Christmas,"$42,580,920","$42,158,780",99%,"$422,140",1%
128,The Witch,"$40,423,945","$25,138,705",62.2%,"$15,285,240",37.8%
129,The Wild Life,"$40,075,446","$8,005,586",20%,"$32,069,860",80%
130,The Forest,"$39,712,000","$26,594,261",67%,"$13,117,739",33%
131,Absolutely Fabulous: The Movie,"$39,219,109","$4,772,155",12.2%,"$34,446,954",87.8%
132,"Crouching Tiger, Hidden Dragon: Sword of Destiny","$38,659,039",-,-,"$38,659,039",100%
133,Hell or High Water,"$37,879,877","$27,007,844",71.3%,"$10,872,033",28.7%
134,The Handmaiden,"$37,692,886","$2,006,788",5.3%,"$35,686,098",94.7%
135,Snowden,"$37,357,216","$21,587,519",57.8%,"$15,769,697",42.2%
136,Eye in the Sky,"$35,259,653","$18,704,595",53%,"$16,555,058",47%
137,Ae Dil Hai Mushkil,"$31,668,920","$4,264,983",13.5%,"$27,403,937",86.5%
138,Billy Lynn's Long Halftime Walk,"$30,930,984","$1,738,477",5.6%,"$29,192,507",94.4%
139,Norm of the North,"$30,734,502","$17,062,499",55.5%,"$13,672,003",44.5%
140,When the Bough Breaks,"$30,658,387","$29,747,603",97%,"$910,784",3%
141,Nocturnal Animals,"$30,311,857","$10,663,357",35.2%,"$19,648,500",64.8%
142,A Silent Voice: The Movie,"$30,156,463","$310,407",1%,"$29,846,056",99%
143,Keeping Up with the Joneses,"$29,918,745","$14,904,426",49.8%,"$15,014,319",50.2%
144,Masterminds,"$29,674,699","$17,368,022",58.5%,"$12,306,677",41.5%
145,M.S. Dhoni: The Untold Story,"$28,903,047","$1,801,550",6.2%,"$27,101,497",93.8%
146,Fan,"$28,240,000","$2,300,000",8.1%,"$25,940,000",91.9%
147,The Brothers Grimsby,"$27,979,040","$6,874,837",24.6%,"$21,104,203",75.4%
148,The Light Between Oceans,"$25,975,621","$12,545,979",48.3%,"$13,429,642",51.7%
149,A Beautiful Planet,"$25,730,120","$15,650,615",60.8%,"$10,079,505",39.2%
150,Mr. Donkey,"$25,537,759","$356,255",1.4%,"$25,181,504",98.6%
151,Born in China,"$25,081,168","$13,873,211",55.3%,"$11,207,957",44.7%
152,Race,"$25,070,261","$19,206,207",76.6%,"$5,864,054",23.4%
153,Free State of Jones,"$25,035,950","$20,810,036",83.1%,"$4,225,914",16.9%
154,Whiskey Tango Foxtrot,"$24,972,139","$23,083,334",92.4%,"$1,888,805",7.6%
155,The Snow Queen 3: Fire and Ice,"$24,644,317",-,-,"$24,644,317",100%
156,God's Not Dead 2,"$24,487,848","$20,774,575",84.8%,"$3,713,273",15.2%
157,Jackie,"$24,270,399","$13,960,394",57.5%,"$10,310,005",42.5%
158,The Founder,"$24,121,245","$12,786,053",53%,"$11,335,192",47%
159,Bad Santa 2,"$24,079,268","$17,782,178",73.8%,"$6,297,090",26.2%
160,Spirits' Homecoming,"$23,857,217","$125,616",0.5%,"$23,731,601",99.5%
161,Silence,"$23,834,809","$7,100,177",29.8%,"$16,734,632",70.2%
162,What Now?,"$23,591,043","$23,591,043",100%,-,-
163,No manches Frida,"$23,540,937","$11,528,613",49%,"$12,012,324",51%
164,Middle School: The Worst Years of My Life,"$23,316,139","$20,007,149",85.8%,"$3,308,990",14.2%
165,Triple 9,"$23,177,948","$12,639,297",54.5%,"$10,538,651",45.5%
166,Rock Dog,"$23,157,646","$9,420,546",40.7%,"$13,737,100",59.3%
167,The Choice,"$23,064,015","$18,730,891",81.2%,"$4,333,124",18.8%
168,Sweet Sixteen,"$22,819,702","$34,327",0.2%,"$22,785,375",99.8%
169,Captain Fantastic,"$22,787,526","$5,879,835",25.8%,"$16,907,691",74.2%
170,Live by Night,"$22,678,555","$10,378,555",45.8%,"$12,300,000",54.2%
171,Hunt for the Wilderpeople,"$22,519,390","$5,205,468",23.1%,"$17,313,922",76.9%
172,Julieta,"$22,468,044","$1,490,948",6.6%,"$20,977,096",93.4%
173,Love & Friendship,"$21,401,949","$14,016,568",65.5%,"$7,385,381",34.5%
174,The Infiltrator,"$21,011,110","$15,436,808",73.5%,"$5,574,302",26.5%
175,Keanu,"$20,651,333","$20,591,853",99.7%,"$59,480",0.3%
176,Cock and Bull,"$20,490,872","$82,778",0.4%,"$20,408,094",99.6%
177,In This Corner of the World,"$19,496,308","$172,147",0.9%,"$19,324,161",99.1%
178,The Edge of Seventeen,"$19,370,020","$14,431,633",74.5%,"$4,938,387",25.5%
179,My Annoying Brother,"$19,162,324","$51,996",0.3%,"$19,110,328",99.7%
180,The Wasted Times,"$18,345,372","$386,540",2.1%,"$17,958,832",97.9%
181,Asura,"$18,300,843","$175,702",1%,"$18,125,141",99%
182,Kapoor & Sons,"$17,412,627","$2,607,036",15%,"$14,805,591",85%
183,Hardcore Henry,"$16,810,562","$9,252,038",55%,"$7,558,524",45%
184,The Birth of a Nation,"$16,779,212","$15,861,566",94.5%,"$917,646",5.5%
185,Pride and Prejudice and Zombies,"$16,457,494","$10,938,134",66.5%,"$5,519,360",33.5%
186,"I, Daniel Blake","$15,793,051","$260,354",1.6%,"$15,532,697",98.4%
187,Irreplaceable,"$15,130,912","$8,494",<0.1%,"$15,122,418",99.9%
188,Three,"$15,121,228","$119,550",0.8%,"$15,001,678",99.2%
189,The Take,"$14,857,808","$50,269",0.3%,"$14,807,539",99.7%
190,Seondal: The Man Who Sells the River,"$14,777,982","$97,477",0.7%,"$14,680,505",99.3%
191,Sword Master,"$14,714,624","$75,526",0.5%,"$14,639,098",99.5%
192,"Hello, My Name Is Doris","$14,659,448","$14,444,999",98.5%,"$214,449",1.5%
193,A United Kingdom,"$14,459,330","$3,902,185",27%,"$10,557,145",73%
194,The Other Side of the Door,"$14,332,467","$3,000,342",20.9%,"$11,332,125",79.1%
195,Sing Street,"$13,624,522","$3,237,118",23.8%,"$10,387,404",76.2%
196,Phantom of the Theatre,"$13,526,843","$43,955",0.3%,"$13,482,888",99.7%
197,Ratchet & Clank,"$13,385,737","$8,821,329",65.9%,"$4,564,408",34.1%
198,Hillary's America: The Secret History of the Democratic Party,"$13,099,931","$13,099,931",100%,-,-
199,Shut In,"$13,082,071","$6,900,335",52.7%,"$6,181,736",47.3%
200,Loving,"$12,957,265","$7,751,969",59.8%,"$5,205,296",40.2%
201,Elle,"$12,748,594","$2,341,534",18.4%,"$10,407,060",81.6%
202,The Beatles: Eight Days a Week - The Touring Years,"$12,283,800","$2,930,414",23.9%,"$9,353,386",76.1%
203,The Man Who Knew Infinity,"$12,252,684","$3,866,794",31.6%,"$8,385,890",68.4%
204,I Married an Anti-Fan,"$12,194,083","$89,408",0.7%,"$12,104,675",99.3%
205,Toni Erdmann,"$11,784,207","$1,479,387",12.6%,"$10,304,820",87.4%
206,Seasons,"$11,425,100","$150,092",1.3%,"$11,275,008",98.7%
207,Friend Request,"$10,975,390","$3,759,078",34.3%,"$7,216,312",65.7%
208,The Darkness,"$10,898,293","$10,753,574",98.7%,"$144,719",1.3%
209,Our Kind of Traitor,"$10,711,027","$3,153,157",29.4%,"$7,557,870",70.6%
210,The Perfect Match,"$10,414,738","$9,669,521",92.8%,"$745,217",7.2%
211,Queen of Katwe,"$10,367,161","$8,874,389",85.6%,"$1,492,772",14.4%
212,The King's Choice,"$10,017,316","$113,231",1.1%,"$9,904,085",98.9%
213,Tamjung Hong Gil-dong: Sarajin Ma-eul,"$9,754,195","$67,054",0.7%,"$9,687,141",99.3%
214,Popstar: Never Stop Never Stopping,"$9,680,029","$9,639,125",99.6%,"$40,904",0.4%
215,Paterson,"$9,588,282","$2,152,738",22.5%,"$7,435,544",77.5%
216,A Hologram for the King,"$9,169,507","$4,212,494",45.9%,"$4,957,013",54.1%
217,Miss Sloane,"$9,101,546","$3,500,605",38.5%,"$5,600,941",61.5%
218,Meet the Blacks,"$9,097,072","$9,097,072",100%,-,-
219,Incarnate,"$9,037,058","$4,799,774",53.1%,"$4,237,284",46.9%
220,Like Crazy,"$9,029,150","$107,362",1.2%,"$8,921,788",98.8%
221,The Lobster 2016 Re-release,"$8,952,351","$8,700,374",97.2%,"$251,977",2.8%
222,Morgan,"$8,809,407","$3,915,251",44.4%,"$4,894,156",55.6%
223,La folle histoire de Max et Léon,"$8,750,678",$543,<0.1%,"$8,750,135",100%
224,A Street Cat Named Bob,"$8,446,262","$82,703",1%,"$8,363,559",99%
225,Time Renegades,"$8,312,361","$59,425",0.7%,"$8,252,936",99.3%
226,The New Year's Eve of Old Lee,"$8,099,301","$25,358",0.3%,"$8,073,943",99.7%
227,Denial,"$7,994,527","$4,073,489",51%,"$3,921,038",49%
228,For a Few Bullets,"$7,860,447","$30,142",0.4%,"$7,830,305",99.6%
229,Pele: Birth of a Legend,"$7,846,608","$57,046",0.7%,"$7,789,562",99.3%
230,Dongju: The Portrait of a Poet,"$7,809,531","$56,550",0.7%,"$7,752,981",99.3%
231,"Kiki, Love to Love","$7,551,282","$12,450",0.2%,"$7,538,832",99.8%
232,Frantz,"$7,478,354","$880,883",11.8%,"$6,597,471",88.2%
233,Yu-Gi-Oh!: The Dark Side of Dimensions,"$7,445,186","$1,015,339",13.6%,"$6,429,847",86.4%
234,Genius,"$7,435,006","$1,361,045",18.3%,"$6,073,961",81.7%
235,The Innocents,"$7,400,324","$1,065,665",14.4%,"$6,334,659",85.6%
236,Compadres,"$7,353,544","$3,127,773",42.5%,"$4,225,771",57.5%
237,The Young Messiah,"$7,330,338","$6,490,401",88.5%,"$839,937",11.5%
238,20th Century Women,"$7,214,806","$5,664,764",78.5%,"$1,550,042",21.5%
239,The Map Against the World,"$7,035,812","$34,034",0.5%,"$7,001,778",99.5%
240,The Salesman,"$6,953,604","$2,402,067",34.5%,"$4,551,537",65.5%
241,Collide,"$6,817,535","$2,280,004",33.4%,"$4,537,531",66.6%
242,Midnight Special,"$6,740,647","$3,712,282",55.1%,"$3,028,365",44.9%
243,Bleed for This,"$6,698,679","$5,083,906",75.9%,"$1,614,773",24.1%
244,Southside with You,"$6,628,603","$6,304,223",95.1%,"$324,380",4.9%
245,The Red Turtle,"$6,591,789","$921,974",14%,"$5,669,815",86%
246,A Melody to Remember,"$6,559,996","$44,263",0.7%,"$6,515,733",99.3%
247,From the Land of the Moon 2016 Re-release,"$6,524,799","$47,748",0.7%,"$6,477,051",99.3%
248,Max Steel,"$6,272,403","$3,818,664",60.9%,"$2,453,739",39.1%
249,The Autopsy of Jane Doe,"$6,170,043","$10,474",0.2%,"$6,159,569",99.8%
250,The Patriarch,"$6,156,936","$2,156,047",35%,"$4,000,889",65%
251,The Duelist,"$6,101,904","$13,450",0.2%,"$6,088,454",99.8%
252,Maggie's Plan,"$5,883,891","$3,351,735",57%,"$2,532,156",43%
253,My Life as a Zucchini,"$5,872,598","$309,766",5.3%,"$5,562,832",94.7%
254,The Disappointments Room,"$5,745,040","$2,423,468",42.2%,"$3,321,572",57.8%
255,Kingsglaive: Final Fantasy XV,"$5,725,482","$269,980",4.7%,"$5,455,502",95.3%
256,Like for Likes,"$5,715,555","$50,839",0.9%,"$5,664,716",99.1%
257,My Best Friend's Wedding,"$5,707,770","$78,578",1.4%,"$5,629,192",98.6%
258,Things to Come,"$5,638,693","$388,140",6.9%,"$5,250,553",93.1%
259,Wazir,"$5,633,588","$1,124,045",20%,"$4,509,543",80%
260,After the Storm,"$5,382,886","$272,132",5.1%,"$5,110,754",94.9%
261,Sky on fire,"$5,335,450","$78,366",1.5%,"$5,257,084",98.5%
262,The Meddler 2016 Re-release,"$5,294,643","$4,267,218",80.6%,"$1,027,425",19.4%
263,The Legend of Chupacabras,"$5,138,140",-,-,"$5,138,140",100%
264,Anthropoid,"$5,079,219","$2,964,845",58.4%,"$2,114,374",41.6%
265,Hands of Stone,"$4,978,353","$4,712,792",94.7%,"$265,561",5.3%
266,Swiss Army Man,"$4,935,501","$4,210,454",85.3%,"$725,047",14.7%
267,Desierto,"$4,924,990","$2,002,036",40.7%,"$2,922,954",59.3%
268,Slack Bay,"$4,734,494","$112,621",2.4%,"$4,621,873",97.6%
269,Where to Invade Next,"$4,664,756","$3,827,261",82%,"$837,495",18%
270,Everybody Wants Some!!,"$4,644,472","$3,400,278",73.2%,"$1,244,194",26.8%
271,Find a Boyfriend for My Wife... PLEASE!,"$4,570,757","$1,741,889",38.1%,"$2,828,868",61.9%
272,Cezanne et Moi,"$4,529,583","$257,597",5.7%,"$4,271,986",94.3%
273,Batman: The Killing Joke,"$4,462,034","$3,775,000",84.6%,"$687,034",15.4%
274,Don't Think Twice,"$4,417,667","$4,417,667",100%,-,-
275,The Commune,"$4,410,339","$38,737",0.9%,"$4,371,602",99.1%
276,The Eagle Huntress,"$4,400,140","$3,169,351",72%,"$1,230,789",28%
277,Kabali,"$4,388,789","$3,903,095",88.9%,"$485,694",11.1%
278,Demolition,"$4,366,460","$1,978,592",45.3%,"$2,387,868",54.7%
279,High-Rise,"$4,286,576","$346,472",8.1%,"$3,940,104",91.9%
280,Sheep & Wolves,"$4,190,750",-,-,"$4,190,750",100%
281,A Quiet Passion,"$4,159,246","$1,865,396",44.8%,"$2,293,850",55.2%
282,The Last Princess,"$4,135,255","$29,259",0.7%,"$4,105,996",99.3%
283,Naam Hai Akira,"$4,108,063","$219,401",5.3%,"$3,888,662",94.7%
284,Indignation,"$3,924,527","$3,401,155",86.7%,"$523,372",13.3%
285,Rules Don't Apply,"$3,885,342","$3,652,206",94%,"$233,136",6%
286,Neruda,"$3,884,746","$939,101",24.2%,"$2,945,645",75.8%
287,Green Room,"$3,769,214","$3,220,371",85.4%,"$548,843",14.6%
288,The Last King,"$3,705,618","$8,905",0.2%,"$3,696,713",99.8%
289,Colonia,"$3,621,046","$15,709",0.4%,"$3,605,337",99.6%
290,Miles Ahead,"$3,473,958","$2,610,896",75.2%,"$863,062",24.8%
291,Obsession,"$3,454,709","$528,799",15.3%,"$2,925,910",84.7%
292,The Neon Demon,"$3,377,430","$1,333,124",39.5%,"$2,044,306",60.5%
293,Vanishing Time: A Boy Who Returned,"$3,328,517","$57,759",1.7%,"$3,270,758",98.3%
294,Bilal: A New Breed of Hero,"$3,254,027",-,-,"$3,254,027",100%
295,Dear Zindagi,"$3,199,581","$2,376,479",74.3%,"$823,102",25.7%
296,Aquarius,"$3,085,977","$285,930",9.3%,"$2,800,047",90.7%
297,The Oscar Nominated Short Films 2016: Live Action,"$2,850,840","$2,816,816",98.8%,"$34,024",1.2%
298,Remember You,"$2,845,124","$14,814",0.5%,"$2,830,310",99.5%
299,Personal Shopper,"$2,840,408","$1,305,195",46%,"$1,535,213",54%
300,Battle for Incheon: Operation Chromite,"$2,749,918","$1,023,348",37.2%,"$1,726,570",62.8%
301,Hillsong: Let Hope Rise,"$2,649,761","$2,394,386",90.4%,"$255,375",9.6%
302,El Jeremías,"$2,540,144","$650,465",25.6%,"$1,889,679",74.4%
303,The Unknown Girl,"$2,432,640","$150,549",6.2%,"$2,282,091",93.8%
304,A Aa,"$2,313,043","$2,313,043",100%,-,-
305,American Honey,"$2,290,649","$663,246",29%,"$1,627,403",71%
306,No culpes al karma de lo que te pasa por gilipollas,"$2,242,471","$5,614",0.3%,"$2,236,857",99.7%
307,Heal the Living,"$2,223,529","$3,176",0.1%,"$2,220,353",99.9%
308,My Scientology Movie,"$2,130,866","$22,936",1.1%,"$2,107,930",98.9%
309,Equals,"$2,084,628","$33,258",1.6%,"$2,051,370",98.4%
310,High Strung,"$2,084,451","$53,447",2.6%,"$2,031,004",97.4%
311,I'm Not Ashamed,"$2,082,980","$2,082,980",100%,-,-
312,American Pastoral,"$2,063,436","$544,098",26.4%,"$1,519,338",73.6%
313,Being 17,"$2,045,219","$52,713",2.6%,"$1,992,506",97.4%
314,Graduation,"$2,015,002","$175,975",8.7%,"$1,839,027",91.3%
315,Little Men,"$2,008,649","$702,537",35%,"$1,306,112",65%
316,Greater,"$2,000,093","$2,000,093",100%,-,-
317,1898: Our Last Men in the Philippines,"$1,995,045","$2,848",0.1%,"$1,992,197",99.9%
318,Housefull 3,"$1,944,262","$1,326,999",68.3%,"$617,263",31.7%
319,Purple Rain 2016 Re-release,"$1,868,929","$1,868,075",100%,$854,<0.1%
320,Inseparables,"$1,864,605","$6,258",0.3%,"$1,858,347",99.7%
321,Elvis & Nixon,"$1,798,432","$1,055,287",58.7%,"$743,145",41.3%
322,Mine,"$1,788,934",-,-,"$1,788,934",100%
323,Harry Potter IMAX Marathon,"$1,784,557","$1,729,226",96.9%,"$55,331",3.1%
324,I Saw the Light,"$1,767,963","$1,646,788",93.1%,"$121,175",6.9%
325,After Love,"$1,728,251","$13,693",0.8%,"$1,714,558",99.2%
326,Weiner,"$1,715,955","$1,676,108",97.7%,"$39,847",2.3%
327,"To Joey, with Love","$1,709,073","$1,709,073",100%,-,-
328,In Between,"$1,679,952","$107,977",6.4%,"$1,571,975",93.6%
329,Equity,"$1,672,306","$1,605,463",96%,"$66,843",4%
330,The Comedian,"$1,659,002","$1,659,002",100%,-,-
331,Rustom,"$1,658,594","$1,087,419",65.6%,"$571,175",34.4%
332,Dough,"$1,647,429","$1,148,304",69.7%,"$499,125",30.3%
333,Mohenjo Daro,"$1,630,231","$1,264,339",77.6%,"$365,892",22.4%
334,"New York, New York","$1,545,352","$92,377",6%,"$1,452,975",94%
335,The Wedding Plan,"$1,542,345","$1,412,404",91.6%,"$129,941",8.4%
336,Certain Women,"$1,526,698","$1,087,585",71.2%,"$439,113",28.8%
337,The Daughter,"$1,505,434","$26,376",1.8%,"$1,479,058",98.2%
338,Priceless,"$1,499,605","$1,499,605",100%,-,-
339,Moka,"$1,493,067","$129,547",8.7%,"$1,363,520",91.3%
340,Oasis: Supersonic,"$1,478,119","$242,867",16.4%,"$1,235,252",83.6%
341,Lazer Team,"$1,406,538","$1,186,426",84.4%,"$220,112",15.6%
342,Born to Be Blue 2016 Re-release,"$1,401,411","$678,203",48.4%,"$723,208",51.6%
343,Papa,"$1,356,033","$26,677",2%,"$1,329,356",98%
344,The Teacher,"$1,350,426","$64,437",4.8%,"$1,285,989",95.2%
345,Kapow,"$1,331,922","$812,737",61%,"$519,185",39%
346,Baar Baar Dekho,"$1,329,777","$981,947",73.8%,"$347,830",26.2%
347,The Music of Strangers: Yo-Yo Ma and the Silk Road Ensemble,"$1,259,588","$1,176,781",93.4%,"$82,807",6.6%
348,Alone in Berlin,"$1,205,598","$33,125",2.7%,"$1,172,473",97.3%
349,Remember 2016 Re-release,"$1,181,023","$637,555",54%,"$543,468",46%
350,Fire at Sea,"$1,178,377","$120,933",10.3%,"$1,057,444",89.7%
351,Her & Him,"$1,166,781","$857,986",73.5%,"$308,795",26.5%
352,Vaxxed: From Cover-Up to Catastrophe,"$1,163,265","$1,163,265",100%,-,-
353,Embrace: The Documentary,"$1,155,263","$629,126",54.5%,"$526,137",45.5%
354,The Hollars,"$1,138,609","$1,016,985",89.3%,"$121,624",10.7%
355,Cell,"$1,133,031",-,-,"$1,133,031",100%
356,Dancer,"$1,131,649","$71,917",6.4%,"$1,059,732",93.6%
357,Papa Hemingway in Cuba,"$1,117,399","$1,115,615",99.8%,"$1,784",0.2%
358,The Insanity of God,"$1,102,525","$1,102,525",100%,-,-
359,Chaar Sahibzaade 2: Rise of Banda Singh Bahadur 2016 Re-release,"$1,100,947","$700,723",63.6%,"$400,224",36.4%
360,The First Monday in May,"$1,072,943","$527,474",49.2%,"$545,469",50.8%
361,Au nom de ma fille,"$1,066,493","$1,623",0.2%,"$1,064,870",99.8%
362,Befikre,"$1,040,421","$498,000",47.9%,"$542,421",52.1%
363,"Polina, danser sa vie","$996,425","$165,203",16.6%,"$831,222",83.4%
364,Gimme Danger,"$950,040","$440,627",46.4%,"$509,413",53.6%
365,Dark Horse 2016 Re-release,"$944,061","$940,715",99.6%,"$3,346",0.4%
366,Kaili Blues,"$935,236","$32,164",3.4%,"$903,072",96.6%
367,Gentleman,"$923,884","$897,876",97.2%,"$26,008",2.8%
368,A Woman's Life,"$895,944","$37,626",4.2%,"$858,318",95.8%
369,Believe,"$890,303","$890,303",100%,-,-
370,The Sea of Trees,"$850,985","$20,444",2.4%,"$830,541",97.6%
371,31,"$850,419","$779,820",91.7%,"$70,599",8.3%
372,Premam,"$834,525","$828,278",99.3%,"$6,247",0.7%
373,Tickled,"$790,519","$613,956",77.7%,"$176,563",22.3%
374,Lo and Behold: Reveries of the Connected World,"$765,796","$594,912",77.7%,"$170,884",22.3%
375,The Polar Express 2016 IMAX Release,"$765,154","$765,154",100%,-,-
376,Saturday's Warrior,"$744,046","$744,046",100%,-,-
377,Wiener-Dog,"$734,729","$477,453",65%,"$257,276",35%
378,Mr. Church,"$685,780","$685,780",100%,-,-
379,3 Generations,"$680,351","$155,936",22.9%,"$524,415",77.1%
380,Baaghi,"$676,602","$438,207",64.8%,"$238,395",35.2%
381,Mr. Gaga: A True Story of Love and Dance,"$665,617","$173,994",26.1%,"$491,623",73.9%
382,City of Gold,"$660,445","$640,979",97.1%,"$19,466",2.9%
383,The Family Fang,"$649,555","$262,921",40.5%,"$386,634",59.5%
384,Range 15,"$621,738","$621,738",100%,-,-
385,The Bronze,"$615,816","$615,816",100%,-,-
386,Mr. Right,"$607,595","$34,694",5.7%,"$572,901",94.3%
387,The Fencer 2016 Re-release,"$599,537","$95,952",16%,"$503,585",84%
388,Gleason,"$583,664","$583,664",100%,-,-
389,Harry & Snowman,"$578,820","$561,460",97%,"$17,360",3%
390,The Happiest Day in the Life of Olli Maki,"$562,537",-,-,"$562,537",100%
391,Endless Poetry,"$554,706","$153,440",27.7%,"$401,266",72.3%
392,Viral,"$551,760",-,-,"$551,760",100%
393,We Are X,"$548,126","$45,270",8.3%,"$502,856",91.7%
394,Planetarium,"$546,584","$3,262",0.6%,"$543,322",99.4%
395,Kahaani 2,"$532,877","$350,703",65.8%,"$182,174",34.2%
396,Willy Wonka & the Chocolate Factory 2016 Re-release,"$526,954","$526,633",99.9%,$321,<0.1%
397,Only Yesterday 2016 Re-release,"$525,958","$453,243",86.2%,"$72,715",13.8%
398,Unsullied,"$510,957","$510,957",100%,-,-
399,Our Little Sister 2016 Re-release,"$483,559","$467,555",96.7%,"$16,004",3.3%
400,Staying Vertical,"$456,271","$12,158",2.7%,"$444,113",97.3%
401,Blackway,"$426,491","$27,079",6.3%,"$399,412",93.7%
402,Happy Bhaag Jayegi 2016 Re-release,"$426,345","$351,840",82.5%,"$74,505",17.5%
403,Viva,"$423,976","$178,008",42%,"$245,968",58%
404,Mad Max: Fury Road 2016 Re-release,"$421,986","$421,986",100%,-,-
405,The Bounce Back,"$421,404","$321,910",76.4%,"$99,494",23.6%
406,Voiceless,"$419,952","$419,952",100%,-,-
407,Sand Storm,"$414,698","$86,800",20.9%,"$327,898",79.1%
408,Three,"$391,957","$331,507",84.6%,"$60,450",15.4%
409,Chronic,"$374,704","$9,033",2.4%,"$365,671",97.6%
410,Eat That Question,"$365,540","$355,074",97.1%,"$10,466",2.9%
411,Souvenir,"$359,798","$11,411",3.2%,"$348,387",96.8%
412,The Invitation,"$354,835","$231,737",65.3%,"$123,098",34.7%
413,Kaashmora,"$354,631","$327,959",92.5%,"$26,672",7.5%
414,Satanic,"$349,183",$252,<0.1%,"$348,931",99.9%
415,The Idol,"$343,059",-,-,"$343,059",100%
416,"Life, Animated","$342,664","$255,388",74.5%,"$87,276",25.5%
417,Voyage of Time: The IMAX Experience,"$337,038","$55,409",16.4%,"$281,629",83.6%
418,Nocturama,"$321,768","$30,157",9.4%,"$291,611",90.6%
419,The Student,"$318,123","$1,126",0.4%,"$316,997",99.6%
420,AmeriGeddon,"$316,554","$316,554",100%,-,-
421,Christine,"$313,465","$298,525",95.2%,"$14,940",4.8%
422,Under the Sun,"$305,993","$105,036",34.3%,"$200,957",65.7%
423,Kaptaan,"$296,715","$203,790",68.7%,"$92,925",31.3%
424,The Tenth Man,"$295,129","$63,564",21.5%,"$231,565",78.5%
425,Jimmy Vestvood: Amerikan Hero,"$290,080","$230,069",79.3%,"$60,011",20.7%
426,Tumbledown,"$282,083","$135,026",47.9%,"$147,057",52.1%
427,Ho Mann Jahaan,"$281,926","$208,611",74%,"$73,315",26%
428,Havenhurst,"$279,372",-,-,"$279,372",100%
429,Exposed,"$269,915",-,-,"$269,915",100%
430,The Carer,"$267,995","$6,208",2.3%,"$261,787",97.7%
431,Minimalism: A Documentary About the Important Things,"$261,865","$261,865",100%,-,-
432,The Unspoken,"$258,760",-,-,"$258,760",100%
433,Wild Oats,"$247,949","$40,598",16.4%,"$207,351",83.6%
434,The Love Witch,"$246,218","$228,894",93%,"$17,324",7%
435,Term Life,"$243,793","$21,256",8.7%,"$222,537",91.3%
436,Tampopo,"$224,097","$224,097",100%,-,-
437,Spirit of the Game,"$222,565","$222,565",100%,-,-
438,Great Performances at the Met: Puccini: Turandot,"$219,619","$172,627",78.6%,"$46,992",21.4%
439,Complete Unknown,"$217,473","$191,761",88.2%,"$25,712",11.8%
440,Fatima,"$212,228","$50,105",23.6%,"$162,123",76.4%
441,Donnie Darko 2016 Re-release,"$212,034","$207,971",98.1%,"$4,063",1.9%
442,The Death of Louis XIV,"$209,715","$43,635",20.8%,"$166,080",79.2%
443,SEED: The Untold Story,"$209,580","$207,825",99.2%,"$1,755",0.8%
444,Don't Call Me Son,"$204,583","$11,678",5.7%,"$192,905",94.3%
445,"Hieronymus Bosch, Touched by the Devil","$201,907","$172,533",85.5%,"$29,374",14.5%
446,White Girl,"$200,242","$200,242",100%,-,-
447,The Fallen Idol 2016 Re-release,"$199,619","$199,619",100%,-,-
448,Digimon Adventure tri. Part 1: Reunion,"$190,581","$190,581",100%,-,-
449,The Masked Saint,"$182,695","$182,695",100%,-,-
450,Vigilante Diaries,"$176,777","$1,991",1.1%,"$174,786",98.9%
451,Neon Bull,"$173,219","$26,734",15.4%,"$146,485",84.6%
452,Apparition Hill,"$170,457","$170,457",100%,-,-
453,The Fits,"$169,236","$166,425",98.3%,"$2,811",1.7%
454,De Palma,"$168,045","$165,237",98.3%,"$2,808",1.7%
455,Tharlo,"$161,229","$17,091",10.6%,"$144,138",89.4%
456,Beauty and the Beast 2016 Re-release,"$160,215","$160,215",100%,-,-
457,The Model,"$159,743",-,-,"$159,743",100%
458,The Witness,"$159,305","$159,305",100%,-,-
459,Until Forever,"$158,872","$35,839",22.6%,"$123,033",77.4%
460,Eva Hesse,"$157,481","$157,481",100%,-,-
461,Suntan,"$157,267","$6,643",4.2%,"$150,624",95.8%
462,The Call Up,"$152,294",-,-,"$152,294",100%
463,One Week and a Day,"$152,178","$41,614",27.3%,"$110,564",72.7%
464,Born to Be Blue,"$151,926","$151,926",100%,-,-
465,Generation Found,"$151,751","$151,751",100%,-,-
466,Kicks,"$150,191","$150,191",100%,-,-
467,Michael Moore in TrumpLand,"$149,090","$149,090",100%,-,-
468,From Afar,"$148,630","$30,169",20.3%,"$118,461",79.7%
469,Touched with Fire,"$146,487","$146,487",100%,-,-
470,Krisha,"$144,822","$144,822",100%,-,-
471,Clash,"$143,121","$18,215",12.7%,"$124,906",87.3%
472,Rock on 2,"$139,173","$98,868",71%,"$40,305",29%
473,Psycho-Pass: The Movie,"$138,366","$138,366",100%,-,-
474,The Kind Words,"$135,382","$135,382",100%,-,-
475,Ism,"$134,165","$134,165",100%,-,-
476,Under the Shadow,"$133,324","$31,900",23.9%,"$101,424",76.1%
477,Dawson City: Frozen Time,"$132,369","$132,369",100%,-,-
478,Requiem for the American Dream,"$130,152","$130,152",100%,-,-
479,Chimes at Midnight,"$126,724","$126,724",100%,-,-
480,The Ones Below,"$121,827","$12,488",10.3%,"$109,339",89.7%
481,The Girl Without Hands,"$121,020","$21,787",18%,"$99,233",82%
482,Miss Sharon Jones!,"$120,880","$120,880",100%,-,-
483,Hockney 2016 Re-release,"$120,745","$120,745",100%,-,-
484,Remember the Goal,"$119,100","$119,100",100%,-,-
485,Until Forever 2016 Re-release,"$118,795","$105,358",88.7%,"$13,437",11.3%
486,Victor,"$117,755","$117,755",100%,-,-
487,Caged No More,"$114,959","$114,959",100%,-,-
488,Elevator to the Gallows 2016 Re-release,"$111,267","$111,267",100%,-,-
489,Zero Days,"$109,649","$109,649",100%,-,-
490,Cameraperson,"$109,464","$102,033",93.2%,"$7,431",6.8%
491,Jeruzalem,"$107,024","$11,287",10.5%,"$95,737",89.5%
492,Best Worst Thing That Ever Could Have Happened...,"$106,986","$106,986",100%,-,-
493,Vita Activa: The Spirit of Hannah Arendt,"$106,768","$82,143",76.9%,"$24,625",23.1%
494,Dekalog 2016 Re-release,"$106,494","$106,494",100%,-,-
495,Dictator,"$104,734","$104,734",100%,-,-
496,Demon,"$104,038","$104,038",100%,-,-
497,Puerto Ricans in Paris,"$102,890","$102,890",100%,-,-
498,Tanna,"$102,225","$46,654",45.6%,"$55,571",54.4%
499,Tower,"$101,987","$101,987",100%,-,-
500,Magnus,"$101,739","$8,944",8.8%,"$92,795",91.2%
501,The Lovers & the Despot,"$95,521","$55,511",58.1%,"$40,010",41.9%
502,Saala Khadoos,"$94,787","$76,931",81.2%,"$17,856",18.8%
503,The Fight Within,"$94,326","$94,326",100%,-,-
504,Into the Forest,"$92,166","$9,995",10.8%,"$82,171",89.2%
505,Other People,"$91,441","$91,441",100%,-,-
506,Morris from America,"$91,151","$91,151",100%,-,-
507,A Kind of Murder,"$91,149","$2,915",3.2%,"$88,234",96.8%
508,Moonwalkers,"$90,646",-,-,"$90,646",100%
509,The Good Neighbor,"$90,573",-,-,"$90,573",100%
510,Fireworks Wednesday 2016 Re-release,"$90,519","$90,519",100%,-,-
511,Ocean Waves,"$87,738","$87,738",100%,-,-
512,Author: The JT LeRoy Story,"$87,686","$85,999",98.1%,"$1,687",1.9%
513,"My Love, Don't Cross That River 2016 Re-release","$86,446","$86,446",100%,-,-
514,Ran 2016 Re-release,"$84,789","$66,097",78%,"$18,692",22%
515,Los Sures,"$83,992","$83,992",100%,-,-
516,The Treasure,"$82,392","$50,203",60.9%,"$32,189",39.1%
517,King Cobra,"$81,757","$81,757",100%,-,-
518,For the Love of Spock,"$80,141","$80,141",100%,-,-
519,Colliding Dreams,"$78,288","$78,288",100%,-,-
520,Anesthesia,"$78,270","$32,163",41.1%,"$46,107",58.9%
521,Don't Blink,"$76,134","$76,134",100%,-,-
522,The Ornithologist,"$74,714","$50,511",67.6%,"$24,203",32.4%
523,The Monster,"$74,700","$12,544",16.8%,"$62,156",83.2%
524,Reset,"$74,341","$5,454",7.3%,"$68,887",92.7%
525,Do Not Resist,"$72,791","$72,791",100%,-,-
526,Raiders!: The Story of the Greatest Fan Film Ever Made,"$71,916","$71,916",100%,-,-
527,The Congressman,"$71,451","$71,451",100%,-,-
528,My Journey Through French Cinema,"$71,174","$52,214",73.4%,"$18,960",26.6%
529,Norman Lear: Just Another Version of You,"$70,950","$70,950",100%,-,-
530,Rocky Handsome,"$69,289",-,-,"$69,289",100%
531,Mastizaade,"$68,583","$43,403",63.3%,"$25,180",36.7%
532,Wildflower,"$68,577","$18,062",26.3%,"$50,515",73.7%
533,Sanam Teri Kasam,"$67,736","$22,121",32.7%,"$45,615",67.3%
534,The Greasy Strangler,"$67,427","$45,878",68%,"$21,549",32%
535,Max Rose,"$66,680","$66,680",100%,-,-
536,King Georges,"$66,175","$66,175",100%,-,-
537,Girl Asleep,"$64,056","$60,289",94.1%,"$3,767",5.9%
538,Trapped,"$63,241","$63,241",100%,-,-
539,Creative Control,"$63,014","$63,014",100%,-,-
540,Mifune: The Last Samurai,"$62,279","$62,279",100%,-,-
541,In a Valley of Violence,"$61,797","$61,797",100%,-,-
542,The Seasons In Quincy: Four Portraits of John Berger,"$61,267","$28,456",46.4%,"$32,811",53.6%
543,Apprentice,"$60,752","$2,578",4.2%,"$58,174",95.8%
544,Too Late,"$60,438","$60,438",100%,-,-
545,Presenting Princess Shaw,"$60,197","$60,197",100%,-,-
546,Command and Control,"$57,635","$57,635",100%,-,-
547,Sold,"$57,527","$57,527",100%,-,-
548,The Battle of Algiers 2016 Re-release,"$56,853","$56,853",100%,-,-
549,Wedding Doll,"$56,196","$56,196",100%,-,-
550,Évolution,"$55,985","$24,770",44.2%,"$31,215",55.8%
551,Holidays,"$55,621",-,-,"$55,621",100%
552,The Last Man on the Moon,"$53,881","$52,482",97.4%,"$1,399",2.6%
553,Down by Love,"$53,780",$675,1.3%,"$53,105",98.7%
554,The Unknowns,"$51,035","$51,035",100%,-,-
555,As I Open My Eyes,"$50,721","$30,989",61.1%,"$19,732",38.9%
556,In Order of Disappearance 2016 Re-release,"$50,251","$50,251",100%,-,-
557,Daughters of the Dust 2016 Re-release,"$47,287","$40,986",86.7%,"$6,301",13.3%
558,3 Weeks in Yerevan,"$45,536","$45,536",100%,-,-
559,Nuts!,"$44,230","$44,230",100%,-,-
560,Danny Says,"$44,213","$44,213",100%,-,-
561,The Land,"$43,756","$43,756",100%,-,-
562,The Empire of Corpses,"$43,320",-,-,"$43,320",100%
563,Closet Monster,"$42,360","$42,166",99.5%,$194,0.5%
564,In Pursuit of Silence,"$41,913","$29,834",71.2%,"$12,079",28.8%
565,Of Mind and Music,"$40,322","$15,073",37.4%,"$25,249",62.6%
566,Is That a Gun in Your Pocket?,"$39,928","$39,928",100%,-,-
567,The Homeless Billionaire,"$39,493","$39,493",100%,-,-
568,La Notte,"$39,236","$39,236",100%,-,-
569,The Son of Joseph,"$38,774","$30,588",78.9%,"$8,186",21.1%
570,Restored Me,"$38,745","$38,745",100%,-,-
571,Catching the Sun,"$38,613","$38,613",100%,-,-
572,Spa Night,"$38,578","$38,578",100%,-,-
573,Troublemakers: The Story of Land Art,"$38,571","$29,462",76.4%,"$9,109",23.6%
574,Multiple Maniacs,"$38,403","$33,036",86%,"$5,367",14%
575,Germans & Jews,"$38,100","$38,100",100%,-,-
576,Moscow Never Sleeps,"$38,004","$25,306",66.6%,"$12,698",33.4%
577,Band of Outsiders 2016 Re-release,"$38,004","$38,004",100%,-,-
578,News from Planet Mars,"$37,507",$310,0.8%,"$37,197",99.2%
579,Trust Fund,"$36,885","$36,885",100%,-,-
580,Yoga Hosers,"$36,585",-,-,"$36,585",100%
581,How to Let Go of the World: and Love All the Things Climate Can't Change,"$36,386","$36,386",100%,-,-
582,"Kill Me, Deadly","$36,027","$36,027",100%,-,-
583,Off the Rails,"$34,249","$34,249",100%,-,-
584,Being Charlie,"$32,964","$30,400",92.2%,"$2,564",7.8%
585,The Intervention,"$32,919","$32,919",100%,-,-
586,No Home Movie,"$32,757","$32,757",100%,-,-
587,Rurouni Kenshin Part I: Origins 2016 Re-release,"$32,445","$32,445",100%,-,-
588,"Rio, I Love You 2016 Re-release","$31,982","$31,982",100%,-,-
589,Paths of the Soul,"$31,747","$31,747",100%,-,-
590,The Seventh Fire,"$30,977","$30,112",97.2%,$865,2.8%
591,Lamb,"$30,844","$14,547",47.2%,"$16,297",52.8%
592,Therapy for a Vampire 2016 Re-release,"$30,115","$30,115",100%,-,-
593,The Eyes of My Mother,"$29,539","$27,099",91.7%,"$2,440",8.3%
594,The Best Democracy Money Can Buy,"$29,500","$29,500",100%,-,-
595,The Dog Wedding,"$29,495","$29,495",100%,-,-
596,Time to Choose,"$29,233","$29,233",100%,-,-
597,"Rabin, the Last Day","$28,411","$28,411",100%,-,-
598,Take Me to the River,"$28,041","$28,041",100%,-,-
599,Kate Plays Christine,"$27,364","$25,564",93.4%,"$1,800",6.6%
600,Unlocking the Cage,"$27,284","$27,284",100%,-,-
601,A Monster with a Thousand Heads,"$26,865","$24,852",92.5%,"$2,013",7.5%
602,Front Cover,"$26,409","$26,409",100%,-,-
603,Gurukulam,"$25,651","$25,651",100%,-,-
604,Banjo,"$25,531","$25,531",100%,-,-
605,Kill Command,"$25,427",-,-,"$25,427",100%
606,Disturbing the Peace,"$25,287","$25,287",100%,-,-
607,Madaari,"$24,822",-,-,"$24,822",100%
608,Sudden Fear,"$24,476","$24,476",100%,-,-
609,Last Days in the Desert,"$24,352",-,-,"$24,352",100%
610,Level Up,"$24,083","$1,469",6.1%,"$22,614",93.9%
611,The Fiancé,"$23,986","$23,986",100%,-,-
612,Almost Holy,"$23,957","$21,142",88.2%,"$2,815",11.8%
613,Southbound,"$23,665","$23,665",100%,-,-
614,Good Kids,"$23,627",-,-,"$23,627",100%
615,The Hill Chris Climbed: The Gridiron Heroes Story,"$23,487","$23,487",100%,-,-
616,Goat,"$23,020","$23,020",100%,-,-
617,Mirza's Lady,"$22,886",-,-,"$22,886",100%
618,The Black Dove,"$22,517","$22,517",100%,-,-
619,Kamikaze 89,"$22,440","$22,440",100%,-,-
620,Be Here Now,"$22,424","$22,424",100%,-,-
621,Generation Startup,"$22,271","$22,271",100%,-,-
622,Reparation,"$22,267","$22,267",100%,-,-
623,Pet,"$22,003","$8,004",36.4%,"$13,999",63.6%
624,Blue Jay,"$21,626","$21,626",100%,-,-
625,Thank You for Your Service,"$21,497","$21,497",100%,-,-
626,Already Tomorrow in Hong Kong,"$21,206","$21,206",100%,-,-
627,Time Changer 2016 Re-release,"$20,797","$20,797",100%,-,-
628,Band of Robbers,"$20,555","$20,555",100%,-,-
629,This Last Lonely Place,"$20,507","$20,507",100%,-,-
630,Never,"$20,431","$20,431",100%,-,-
631,New World Order,"$20,205","$20,205",100%,-,-
632,Love Me True,"$20,100","$20,100",100%,-,-
633,"No Pay, Nudity","$20,017","$20,017",100%,-,-
634,The Romans,"$19,705","$19,705",100%,-,-
635,Kills On Wheels 2016 Re-release,"$19,680","$15,898",80.8%,"$3,782",19.2%
636,Art Bastard,"$19,600","$19,600",100%,-,-
637,Zoology,"$19,572",-,-,"$19,572",100%
638,Hannah: Buddhism's Untold Journey,"$19,526",$396,2%,"$19,130",98%
639,Hunter Gatherer,"$19,462","$19,462",100%,-,-
640,Revelation: Dawn of Global Government,"$19,107","$19,107",100%,-,-
641,Search Engines,"$19,033","$19,033",100%,-,-
642,Ktown Cowboys,"$18,863","$18,863",100%,-,-
643,Seoul Searching,"$18,654","$18,654",100%,-,-
644,The Channel,"$18,319","$18,319",100%,-,-
645,The Lion in Winter 2016 Re-release,"$18,177","$18,177",100%,-,-
646,Coming Through the Rye,"$18,137","$18,137",100%,-,-
647,Peter and the Farm,"$18,123","$18,123",100%,-,-
648,Harry Benson: Shoot First,"$18,092","$18,092",100%,-,-
649,A Bit of Bad Luck,"$18,089","$18,089",100%,-,-
650,Holy Hell,"$18,051","$18,051",100%,-,-
651,I Knew Her Well,"$18,010","$18,010",100%,-,-
652,Men Go to Battle,"$18,006","$18,006",100%,-,-
653,How He Fell in Love,"$17,575","$17,575",100%,-,-
654,Streit's: Matzo and the American Dream,"$17,506","$17,506",100%,-,-
655,Landfill Harmonic,"$17,205","$17,205",100%,-,-
656,Always Shine,"$17,102","$17,102",100%,-,-
657,On the Map,"$17,099","$17,099",100%,-,-
658,1920 London,"$16,077",-,-,"$16,077",100%
659,Five Nights in Maine,"$15,587","$15,587",100%,-,-
660,Be Somebody,"$15,395","$15,395",100%,-,-
661,The Adderall Diaries,"$15,364","$13,191",85.9%,"$2,173",14.1%
662,The President,"$15,338","$7,578",49.4%,"$7,760",50.6%
663,Starcrossed,"$15,263","$15,263",100%,-,-
664,The Wanderers 2016 Re-release,"$14,492","$14,492",100%,-,-
665,The Uncondemned,"$14,393","$14,393",100%,-,-
666,Brother Nature,"$14,218","$14,218",100%,-,-
667,Newtown,"$14,109","$14,109",100%,-,-
668,Shangri-La Suite,"$14,073","$14,073",100%,-,-
669,Yosemite,"$13,931","$13,931",100%,-,-
670,A Space Program,"$13,739","$13,739",100%,-,-
671,Tikkun,"$13,671","$13,671",100%,-,-
672,Spices of Liberty,"$13,463","$13,463",100%,-,-
673,Late Spring,"$13,254","$13,254",100%,-,-
674,City of Women,"$12,516","$12,516",100%,-,-
675,Elstree 1976,"$12,173","$12,173",100%,-,-
676,Destiny,"$12,156","$12,156",100%,-,-
677,Hot Water,"$12,101","$12,101",100%,-,-
678,When Two Worlds Collide,"$12,080","$12,080",100%,-,-
679,Lucha Mexico,"$11,722","$11,722",100%,-,-
680,The Preppie Connection,"$11,558","$11,558",100%,-,-
681,River of Grass,"$11,553","$11,553",100%,-,-
682,The Ruins of Lifta,"$11,548","$11,548",100%,-,-
683,Viktoria,"$11,314","$11,314",100%,-,-
684,Theo Who Lived,"$11,271","$11,271",100%,-,-
685,Daylight's End,"$11,257",-,-,"$11,257",100%
686,Hacker,"$11,239","$11,239",100%,-,-
687,What Happened Last Night,"$10,844","$10,844",100%,-,-
688,National Bird,"$10,656","$10,656",100%,-,-
689,SK1 2016 Re-release,"$10,330","$10,330",100%,-,-
690,Approaching the Unknown,"$10,232","$10,232",100%,-,-
691,Beta Test,"$10,104","$10,104",100%,-,-
692,Tere Bin Laden: Dead Or Alive,"$9,995",-,-,"$9,995",100%
693,Made in France,"$9,956","$9,956",100%,-,-
694,Chosen,"$9,536","$9,283",97.3%,$253,2.7%
695,The Lost Arcade,"$9,522","$9,522",100%,-,-
696,The Tree of Wooden Clogs,"$9,367",-,-,"$9,367",100%
697,Hooligan Sparrow,"$9,263","$9,263",100%,-,-
698,Frank & Lola,"$9,188","$9,188",100%,-,-
699,The Hollow Point,"$9,149",-,-,"$9,149",100%
700,The Ardennes 2016 Re-release,"$9,116","$5,638",61.8%,"$3,478",38.2%
701,Providence,"$8,840","$8,840",100%,-,-
702,Mojave,"$8,602","$8,253",95.9%,$349,4.1%
703,From the East,"$8,540","$8,540",100%,-,-
704,We Are Twisted Fucking Sister!,"$8,277","$8,277",100%,-,-
705,Silicon Cowboys,"$8,239","$8,239",100%,-,-
706,The Other Side,"$8,168","$8,074",98.8%,$94,1.2%
707,Golden Kingdom,"$8,077","$8,077",100%,-,-
708,Talent Has Hunger,"$7,998","$7,998",100%,-,-
709,Roseanne for President!,"$7,960","$7,960",100%,-,-
710,Portrait of a Garden,"$7,914","$7,914",100%,-,-
711,Old Stone,"$7,768","$7,476",96.2%,$292,3.8%
712,I Don't Belong Anywhere: The Cinema of Chantal Akerman,"$7,703","$7,703",100%,-,-
713,Psycho Raman,"$7,612",-,-,"$7,612",100%
714,Indian Point,"$7,251","$7,251",100%,-,-
715,It Had to Be You,"$7,162","$7,162",100%,-,-
716,"Brutti, sporchi e cattivi","$7,144","$7,144",100%,-,-
717,The Brainwashing of My Dad,"$7,028","$7,028",100%,-,-
718,Boom Bust Boom,"$6,896","$6,896",100%,-,-
719,Mad Tiger,"$6,823","$6,823",100%,-,-
720,Ghost Team,"$6,639","$6,639",100%,-,-
721,The Dying of the Light,"$6,627","$6,627",100%,-,-
722,The Charnel House,"$6,332","$6,332",100%,-,-
723,The Bad Kids,"$6,226","$6,226",100%,-,-
724,Slash,"$5,902","$5,902",100%,-,-
725,Bourek,"$5,844","$5,844",100%,-,-
726,Undrafted,"$5,777","$5,777",100%,-,-
727,Welcome to Happiness,"$5,083","$5,083",100%,-,-
728,Call Her Applebroog,"$4,842","$4,842",100%,-,-
729,Behind the White Glasses,"$4,770","$2,223",46.6%,"$2,547",53.4%
730,Marinoni: The Fire in the Frame,"$4,696","$4,696",100%,-,-
731,Blood on the Mountain,"$4,664","$4,664",100%,-,-
732,Miss Stevens,"$4,611","$4,611",100%,-,-
733,The Automatic Hate,"$4,603","$4,603",100%,-,-
734,Search Party 2016 Re-release,"$4,571","$4,571",100%,-,-
735,Synchronicity,"$4,505","$4,505",100%,-,-
736,On Meditation,"$4,322","$4,322",100%,-,-
737,Auto Shop of Horrors,"$4,300","$4,300",100%,-,-
738,Maximum Ride,"$4,218","$4,218",100%,-,-
739,Breaking a Monster,"$4,212","$4,212",100%,-,-
740,Among the Believers,"$4,189","$4,189",100%,-,-
741,The Hollow,"$3,755","$3,755",100%,-,-
742,The Last Film Festival,"$3,558","$3,558",100%,-,-
743,The Loving Story 2016 Re-release,"$3,518","$3,518",100%,-,-
744,Restored Me 2016 Re-release,"$3,428","$3,428",100%,-,-
745,Burning Bodhi,"$3,289","$3,289",100%,-,-
746,Best and Most Beautiful Things,"$3,016","$3,016",100%,-,-
747,The Ghosts of Johnson Woods,"$3,000","$3,000",100%,-,-
748,The Professor: Tai Chi's Journey West,"$2,852","$2,852",100%,-,-
749,White Lies 2016 Re-release,"$2,760","$2,760",100%,-,-
750,Mekong Hotel,"$2,502","$2,502",100%,-,-
751,Homeland (Iraq Year Zero),"$2,491","$2,491",100%,-,-
752,Ek Hazarachi Note,"$2,404","$2,404",100%,-,-
753,Memoria,"$2,242","$2,242",100%,-,-
754,The Watermelon Woman,"$1,989","$1,989",100%,-,-
755,A Beautiful Now,"$1,714","$1,714",100%,-,-
756,Miss India America,"$1,598","$1,598",100%,-,-
757,The Silence of Mark Rothko,"$1,422","$1,422",100%,-,-
758,A Small Good Thing,"$1,196","$1,196",100%,-,-
759,Above and Below,"$1,189",-,-,"$1,189",100%
760,Officer Downe,$850,$850,100%,-,-
761,A Girl Like Grace,$713,$713,100%,-,-
762,The Pit,$560,$560,100%,-,-
763,Green is Gold,$455,$455,100%,-,-
